sentiment_group,mean,median,max
Fear,10122.121227362535,57.89,5669700.0
Greed,33061.437741465365,41.6033,30509482.0
