sentiment_group,count,mean,median,total
Fear,16195,110.134332769682,0.0,1783625.519205
Greed,16913,104.44783351339207,0.0,1766526.208212
