sentiment_group,count,mean,median,total
Fear,16195,5511.246131522074,681.25,89254631.1
Greed,16913,4450.397682847514,554.69,75269576.01
